İLÇE ADI,MAHALLE ADI,SES,SES SKORU
ADALAR,BURGAZADA,B,62.5
ADALAR,HEYBELİADA,B,62.5
ADALAR,KINALIADA,C,37.5
ADALAR,MADEN,B,62.5
ADALAR,NİZAM,B+,75
ARNAVUTKÖY,ADNAN MENDERES,E,12.5
ARNAVUTKÖY,ANADOLU,E,12.5
ARNAVUTKÖY,ARNAVUTKÖY MERKEZ,D,25
ARNAVUTKÖY,ATATÜRK,E,12.5
ARNAVUTKÖY,BAKLALI,E,12.5
ARNAVUTKÖY,BALABAN,E,12.5
ARNAVUTKÖY,BOĞAZKÖY İSTİKLAL,D,25
ARNAVUTKÖY,BOLLUCA,D,25
ARNAVUTKÖY,BOYALIK,E,12.5
ARNAVUTKÖY,ÇİLİNGİR,E,12.5
ARNAVUTKÖY,DELİKLİKAYA,E,12.5
ARNAVUTKÖY,DURSUNKÖY,E,12.5
ARNAVUTKÖY,DURUSU,E,12.5
ARNAVUTKÖY,FATİH,E,12.5
ARNAVUTKÖY,HACIMAŞLI,E,12.5
ARNAVUTKÖY,HADIMKÖY,D,25
ARNAVUTKÖY,HARAÇÇI,E,12.5
ARNAVUTKÖY,HASTANE,D,25
ARNAVUTKÖY,HİCRET,E,12.5
ARNAVUTKÖY,İMRAHOR,E,12.5
ARNAVUTKÖY,İSLAMBEY,E,12.5
ARNAVUTKÖY,KARABURUN,E,12.5
ARNAVUTKÖY,KARLIBAYIR,E,12.5
ARNAVUTKÖY,MAREŞAL FEVZİ ÇAKMAK,E,12.5
ARNAVUTKÖY,MAVİGÖL,C,37.5
ARNAVUTKÖY,MEHMET AKİF ERSOY,D,25
ARNAVUTKÖY,MUSTAFA KEMAL PAŞA,D,25
ARNAVUTKÖY,NENEHATUN,E,12.5
ARNAVUTKÖY,ÖMERLİ,C,37.5
ARNAVUTKÖY,SAZLIBOSNA,E,12.5
ARNAVUTKÖY,TAŞOLUK,E,12.5
ARNAVUTKÖY,TAYAKADIN,E,12.5
ARNAVUTKÖY,TERKOS,E,12.5
ARNAVUTKÖY,YASSIÖREN,E,12.5
ARNAVUTKÖY,YAVUZ SELİM,D,25
ARNAVUTKÖY,YENİKÖY,E,12.5
ARNAVUTKÖY,YEŞİLBAYIR,D,25
ARNAVUTKÖY,YUNUS EMRE,E,12.5
ATAŞEHİR,AŞIKVEYSEL,C,37.5
ATAŞEHİR,ATATÜRK,A,87.5
ATAŞEHİR,BARBAROS,A,87.5
ATAŞEHİR,ESATPAŞA,C,37.5
ATAŞEHİR,FERHATPAŞA,D,25
ATAŞEHİR,FETIH,B,62.5
ATAŞEHİR,İÇERENKÖY,B,62.5
ATAŞEHİR,İNÖNÜ,C+,50
ATAŞEHİR,KAYIŞDAĞI,C,37.5
ATAŞEHİR,KÜÇÜKBAKKALKÖY,B+,75
ATAŞEHİR,MEVLANA,C,37.5
ATAŞEHİR,MİMAR SİNAN,E,12.5
ATAŞEHİR,MUSTAFA KEMAL,C,37.5
ATAŞEHİR,ÖRNEK,B,62.5
ATAŞEHİR,YENİ ÇAMLICA,C,37.5
ATAŞEHİR,YENİSAHRA,C,37.5
ATAŞEHİR,YENİŞEHİR,B+,75
AVCILAR,AMBARLI,C,37.5
AVCILAR,CİHANGİR,C,37.5
AVCILAR,DENİZKÖŞKLER,C+,50
AVCILAR,FİRUZKÖY,C,37.5
AVCILAR,GÜMÜŞPALA,C,37.5
AVCILAR,MERKEZ,B,62.5
AVCILAR,MUSTAFA KEMALPAŞA,C,37.5
AVCILAR,TAHTAKALE,C+,50
AVCILAR,ÜNİVERSİTE,B,62.5
AVCILAR,YEŞİLKENT,D,25
BAĞCILAR,100. YIL,D,25
BAĞCILAR,BAĞLAR,C,37.5
BAĞCILAR,BARBAROS,D,25
BAĞCILAR,ÇINAR,D,25
BAĞCILAR,DEMİRKAPI,D,25
BAĞCILAR,15 TEMMUZ / EVREN,D,25
BAĞCILAR,FATİH,D,25
BAĞCILAR,FEVZİ ÇAKMAK,D,25
BAĞCILAR,GÖZTEPE,D,25
BAĞCILAR,GÜNEŞLİ,C,37.5
BAĞCILAR,HÜRRİYET,C,37.5
BAĞCILAR,İNÖNÜ,D,25
BAĞCILAR,KAZIM KARABEKİR,D,25
BAĞCILAR,KEMALPAŞA,D,25
BAĞCILAR,KİRAZLI,D,25
BAĞCILAR,MAHMUTBEY,C,37.5
BAĞCILAR,MERKEZ,C,37.5
BAĞCILAR,SANCAKTEPE,C,37.5
BAĞCILAR,YAVUZ SELİM,D,25
BAĞCILAR,YENİGÜN,D,25
BAĞCILAR,YENİMAHALLE,D,25
BAĞCILAR,YILDIZTEPE,D,25
BAHÇELİEVLER,BAHÇELİEVLER,B+,75
BAHÇELİEVLER,CUMHURİYET,C,37.5
BAHÇELİEVLER,ÇOBANÇEŞME,C,37.5
BAHÇELİEVLER,FEVZİ ÇAKMAK,C,37.5
BAHÇELİEVLER,HÜRRİYET,C,37.5
BAHÇELİEVLER,KOCASİNAN MERKEZ,C,37.5
BAHÇELİEVLER,SİYAVUŞPAŞA,C+,50
BAHÇELİEVLER,SOĞANLI,C,37.5
BAHÇELİEVLER,ŞİRİNEVLER,B,62.5
BAHÇELİEVLER,YENİBOSNA MERKEZ,C+,50
BAHÇELİEVLER,ZAFER,C,37.5
BAKIRKÖY,ATAKÖY 1. KISIM,A,87.5
BAKIRKÖY,ATAKÖY 2-5-6. KISIM,A+,100
BAKIRKÖY,ATAKÖY 3-4-11. KISIM,A,87.5
BAKIRKÖY,ATAKÖY 7-8-9-10. KISIM,A+,100
BAKIRKÖY,BASINKÖY,B+,75
BAKIRKÖY,CEVİZLİK,B+,75
BAKIRKÖY,KARTALTEPE,B+,75
BAKIRKÖY,OSMANİYE,B,62.5
BAKIRKÖY,SAKIZAĞACI,B,62.5
BAKIRKÖY,ŞENLİKKÖY,B+,75
BAKIRKÖY,YENİMAHALLE,B,62.5
BAKIRKÖY,YEŞİLKÖY,A,87.5
BAKIRKÖY,YEŞİLYURT,A,87.5
BAKIRKÖY,ZEYTİNLİK,B+,75
BAKIRKÖY,ZUHURATBABA,B+,75
BAŞAKŞEHİR,ALTINŞEHİR,E,12.5
BAŞAKŞEHİR,BAHÇEŞEHİR 1. KISIM,B+,75
BAŞAKŞEHİR,BAHÇEŞEHİR 2. KISIM,B,62.5
BAŞAKŞEHİR,BAŞAK,B,62.5
BAŞAKŞEHİR,BAŞAKŞEHİR,C+,50
BAŞAKŞEHİR,GÜVERCİNTEPE,D,25
BAŞAKŞEHİR,KAYABAŞI,C,37.5
BAŞAKŞEHİR,ŞAHİNTEPE,E,12.5
BAŞAKŞEHİR,ŞAMLAR,E,12.5
BAŞAKŞEHİR,ZİYA GÖKALP,C,37.5
BAYRAMPAŞA,ALTINTEPSİ,C,37.5
BAYRAMPAŞA,CEVATPAŞA,D,25
BAYRAMPAŞA,İSMET PAŞA,C,37.5
BAYRAMPAŞA,KARTALTEPE,C,37.5
BAYRAMPAŞA,KOCATEPE,C,37.5
BAYRAMPAŞA,MURATPAŞA,D,25
BAYRAMPAŞA,ORTAMAHALLE,C,37.5
BAYRAMPAŞA,TERAZİDERE,D,25
BAYRAMPAŞA,VATAN,D,25
BAYRAMPAŞA,YENİDOĞAN,C,37.5
BAYRAMPAŞA,YILDIRIM,C,37.5
BEŞİKTAŞ,ABBASAĞA,A,87.5
BEŞİKTAŞ,AKAT,A+,100
BEŞİKTAŞ,ARNAVUTKÖY,A+,100
BEŞİKTAŞ,BALMUMCU,A,87.5
BEŞİKTAŞ,BEBEK,A+,100
BEŞİKTAŞ,CİHANNÜMA,A,87.5
BEŞİKTAŞ,DİKİLİTAŞ,A,87.5
BEŞİKTAŞ,ETİLER,A+,100
BEŞİKTAŞ,GAYRETTEPE,A,87.5
BEŞİKTAŞ,KONAKLAR,A+,100
BEŞİKTAŞ,KURUÇEŞME,A,87.5
BEŞİKTAŞ,KÜLTÜR,A+,100
BEŞİKTAŞ,LEVAZIM,A+,100
BEŞİKTAŞ,LEVENT,A+,100
BEŞİKTAŞ,MECİDİYE,B+,75
BEŞİKTAŞ,MURADİYE,A,87.5
BEŞİKTAŞ,NİSBETİYE,A+,100
BEŞİKTAŞ,ORTAKÖY,A,87.5
BEŞİKTAŞ,SİNANPAŞA,B+,75
BEŞİKTAŞ,TÜRKALİ,B+,75
BEŞİKTAŞ,ULUS,A+,100
BEŞİKTAŞ,VİŞNEZADE,A,87.5
BEŞİKTAŞ,YILDIZ,A,87.5
BEYKOZ,ACARLAR,A+,100
BEYKOZ,AKBABA,C,37.5
BEYKOZ,ALİBAHADIR,E,12.5
BEYKOZ,ANADOLU HİSARI,A,87.5
BEYKOZ,ANADOLU KAVAĞI,D,25
BEYKOZ,ANADOLUFENERİ,D,25
BEYKOZ,BAKLACI,C,37.5
BEYKOZ,BOZHANE,E,12.5
BEYKOZ,CUMHURİYET,D,25
BEYKOZ,ÇAMLIBAHÇE,D,25
BEYKOZ,ÇENGELDERE,C,37.5
BEYKOZ,ÇİFTLİK,D,25
BEYKOZ,ÇİĞDEM,C,37.5
BEYKOZ,ÇUBUKLU,C+,50
BEYKOZ,DERESEKİ,C,37.5
BEYKOZ,ELMALI,D,25
BEYKOZ,FATİH,D,25
BEYKOZ,GÖKSU,B,62.5
BEYKOZ,GÖLLÜ,D,25
BEYKOZ,GÖRELE,C+,50
BEYKOZ,GÖZTEPE,A,87.5
BEYKOZ,GÜMÜŞSUYU,C,37.5
BEYKOZ,İNCİRKÖY,D,25
BEYKOZ,İSHAKLI,E,12.5
BEYKOZ,KANLICA,A,87.5
BEYKOZ,KAVACIK,B,62.5
BEYKOZ,KAYNARCA,C,37.5
BEYKOZ,KILIÇLI,E,12.5
BEYKOZ,MAHMUTŞEVKETPAŞA,D,25
BEYKOZ,MERKEZ,C+,50
BEYKOZ,ORTAÇEŞME,D,25
BEYKOZ,ÖĞÜMCE,E,12.5
BEYKOZ,ÖRNEKKÖY,D,25
BEYKOZ,PAŞABAHÇE,C+,50
BEYKOZ,PAŞAMANDIRA,D,25
BEYKOZ,POLONEZKÖY,C,37.5
BEYKOZ,POYRAZKÖY,E,12.5
BEYKOZ,RİVA,C,37.5
BEYKOZ,RÜZGARLIBAHÇE,E,12.5
BEYKOZ,SOĞUKSU,C+,50
BEYKOZ,TOKATKÖY,E,12.5
BEYKOZ,YALIKÖY,C+,50
BEYKOZ,YAVUZ SELİM,C,37.5
BEYKOZ,YENİ MAHALLE,E,12.5
BEYKOZ,ZERZAVATÇI,D,25
BEYLİKDÜZÜ,ADNAN KAHVECİ,B,62.5
BEYLİKDÜZÜ,BARIŞ,B,62.5
BEYLİKDÜZÜ,BÜYÜKŞEHİR,B,62.5
BEYLİKDÜZÜ,CUMHURİYET,B+,75
BEYLİKDÜZÜ,DEREAĞZI,C,37.5
BEYLİKDÜZÜ,GÜRPINAR,D,25
BEYLİKDÜZÜ,KAVAKLI,C,37.5
BEYLİKDÜZÜ,MARMARA,B,62.5
BEYLİKDÜZÜ,SAHİL,C,37.5
BEYLİKDÜZÜ,YAKUPLU,C,37.5
BEYOĞLU,ARAP CAMİ,D,25
BEYOĞLU,ASMALI MESCİT,B,62.5
BEYOĞLU,BEDRETTİN,D,25
BEYOĞLU,BEREKETZADE,B+,75
BEYOĞLU,BOSTAN,E,12.5
BEYOĞLU,BÜLBÜL,E,12.5
BEYOĞLU,CAMİİKEBİR,C,37.5
BEYOĞLU,CİHANGİR,A,87.5
BEYOĞLU,ÇATMA MESCİT,C+,50
BEYOĞLU,ÇUKUR,D,25
BEYOĞLU,EMEKYEMEZ,C,37.5
BEYOĞLU,EVLİYA ÇELEBİ,C,37.5
BEYOĞLU,FETİHTEPE,E,12.5
BEYOĞLU,FİRUZAĞA,B+,75
BEYOĞLU,GÜMÜŞSUYU,A+,100
BEYOĞLU,HACIAHMET,D,25
BEYOĞLU,HACIMİMİ,C,37.5
BEYOĞLU,HALICIOĞLU,C,37.5
BEYOĞLU,HÜSEYİNAĞA,C,37.5
BEYOĞLU,İSTİKLAL,E,12.5
BEYOĞLU,KADIMEHMET EFENDİ,C,37.5
BEYOĞLU,KALYONCU KULLUĞU,C,37.5
BEYOĞLU,KAMER HATUN,C+,50
BEYOĞLU,KAPTANPAŞA,D,25
BEYOĞLU,KATİPMUSTAFA ÇELEBİ,C+,50
BEYOĞLU,KEÇECİ PİRİ,C,37.5
BEYOĞLU,KEMANKEŞ KARAMUSTAFAPAŞA,D,25
BEYOĞLU,KILIÇALİ PAŞA,A,87.5
BEYOĞLU,KOCATEPE,C,37.5
BEYOĞLU,KULAKSIZ,D,25
BEYOĞLU,KULOĞLU,A,87.5
BEYOĞLU,KÜÇÜK PİYALE,C,37.5
BEYOĞLU,MÜEYYETZADE,B+,75
BEYOĞLU,ÖMER AVNİ,A+,100
BEYOĞLU,ÖRNEKTEPE,C,37.5
BEYOĞLU,PİRİPAŞA,C,37.5
BEYOĞLU,PİYALEPAŞA,D,25
BEYOĞLU,PÜRTELAŞ HASAN EFENDİ,A,87.5
BEYOĞLU,SURURİ MEHMET EFENDİ,C,37.5
BEYOĞLU,SÜTLÜCE,C,37.5
BEYOĞLU,ŞAHKULU,B+,75
BEYOĞLU,ŞEHİT MUHTAR,D,25
BEYOĞLU,TOMTOM,B,62.5
BEYOĞLU,YAHYA KAHYA,C,37.5
BEYOĞLU,YENİŞEHİR,C,37.5
BÜYÜKÇEKMECE,19 MAYIS,C,37.5
BÜYÜKÇEKMECE,AHMEDİYE,E,12.5
BÜYÜKÇEKMECE,ALKENT 2000,B+,75
BÜYÜKÇEKMECE,ATATÜRK,C+,50
BÜYÜKÇEKMECE,BAHÇELİEVLER,C+,50
BÜYÜKÇEKMECE,CELALİYE,D,25
BÜYÜKÇEKMECE,CUMHURİYET,C+,50
BÜYÜKÇEKMECE,ÇAKMAKLI,C,37.5
BÜYÜKÇEKMECE,DİZDARİYE,C,37.5
BÜYÜKÇEKMECE,EKİNOBA,C+,50
BÜYÜKÇEKMECE,FATİH,C+,50
BÜYÜKÇEKMECE,GÜZELCE,C+,50
BÜYÜKÇEKMECE,HÜRRİYET,D,25
BÜYÜKÇEKMECE,KAMİLOBA,C,37.5
BÜYÜKÇEKMECE,KARAAĞAÇ,B,62.5
BÜYÜKÇEKMECE,KUMBURGAZ,C,37.5
BÜYÜKÇEKMECE,MİMAR SİNAN MERKEZ,C,37.5
BÜYÜKÇEKMECE,MİMAROBA,C+,50
BÜYÜKÇEKMECE,MURAT ÇESME,C,37.5
BÜYÜKÇEKMECE,PINARTEPE,C+,50
BÜYÜKÇEKMECE,SİNANOBA,B+,75
BÜYÜKÇEKMECE,TÜRKOBA,C,37.5
BÜYÜKÇEKMECE,ULUS,E,12.5
BÜYÜKÇEKMECE,YENİMAHALLE,C,37.5
ÇATALCA,AKALAN,D,25
ÇATALCA,ATATÜRK,E,12.5
ÇATALCA,AYDINLAR,E,12.5
ÇATALCA,BAHŞAYİŞ,E,12.5
ÇATALCA,BAŞAK,E,12.5
ÇATALCA,BELGRAT,E,12.5
ÇATALCA,CELEPKÖY,E,12.5
ÇATALCA,ÇAKIL,E,12.5
ÇATALCA,ÇANAKÇA,E,12.5
ÇATALCA,ÇİFTLİKKÖY,E,12.5
ÇATALCA,DAĞYENİCE,E,12.5
ÇATALCA,ELBASAN,E,12.5
ÇATALCA,FATİH,E,12.5
ÇATALCA,FERHATPAŞA,C,37.5
ÇATALCA,GÖKÇEALİ,E,12.5
ÇATALCA,GÜMÜŞPINAR,E,12.5
ÇATALCA,HALLAÇLI,E,12.5
ÇATALCA,HİSARBEYLİ,E,12.5
ÇATALCA,İHSANİYE,E,12.5
ÇATALCA,İNCEĞİZ,E,12.5
ÇATALCA,İZZETTİN,E,12.5
ÇATALCA,KABAKÇA,E,12.5
ÇATALCA,KALEİÇİ,D,25
ÇATALCA,KALFA,E,12.5
ÇATALCA,KARACAKÖY MERKEZ,E,12.5
ÇATALCA,KARAMANDERE,E,12.5
ÇATALCA,KESTANELİK,E,12.5
ÇATALCA,KIZILCAALİ,E,12.5
ÇATALCA,MURATBEY MERKEZ,E,12.5
ÇATALCA,NAKKAŞ,E,12.5
ÇATALCA,OKLALI,E,12.5
ÇATALCA,ORMANLI,E,12.5
ÇATALCA,OVAYENİCE,E,12.5
ÇATALCA,ÖRCÜNLÜ,E,12.5
ÇATALCA,ÖRENCİK,E,12.5
ÇATALCA,SUBAŞI,E,12.5
ÇATALCA,YALIKÖY,E,12.5
ÇATALCA,YAYLACIK,E,12.5
ÇATALCA,YAZLIK,E,12.5
ÇEKMEKÖY,ALEMDAĞ,C+,50
ÇEKMEKÖY,AYDINLAR,D,25
ÇEKMEKÖY,CUMHURİYET,C,37.5
ÇEKMEKÖY,ÇAMLIK,C,37.5
ÇEKMEKÖY,ÇATALMEŞE,C,37.5
ÇEKMEKÖY,EKŞİOĞLU,D,25
ÇEKMEKÖY,GÜNGÖREN,C,37.5
ÇEKMEKÖY,HAMİDİYE,C+,50
ÇEKMEKÖY,HÜSEYİNLİ,E,12.5
ÇEKMEKÖY,KİRAZLIDERE,C+,50
ÇEKMEKÖY,KOÇULLU,E,12.5
ÇEKMEKÖY,MEHMET AKİF,C,37.5
ÇEKMEKÖY,MERKEZ,C+,50
ÇEKMEKÖY,MİMAR SİNAN,C+,50
ÇEKMEKÖY,NİŞANTEPE,C+,50
ÇEKMEKÖY,ÖMERLİ,B,62.5
ÇEKMEKÖY,REŞADİYE,C,37.5
ÇEKMEKÖY,SIRAPINAR,C,37.5
ÇEKMEKÖY,SOĞUKPINAR,D,25
ÇEKMEKÖY,SULTANÇİFTLİĞİ,C+,50
ÇEKMEKÖY,TAŞDELEN,C+,50
ESENLER,BİRLİK,D,25
ESENLER,ÇİFTE HAVUZLAR,E,12.5
ESENLER,DAVUTPAŞA,D,25
ESENLER,FATİH,D,25
ESENLER,FEVZİ ÇAKMAK,D,25
ESENLER,HAVAALANI,D,25
ESENLER,KAZIM KARABEKİR,D,25
ESENLER,KEMER,D,25
ESENLER,MENDERES,D,25
ESENLER,MİMAR SİNAN,D,25
ESENLER,NAMIK KEMAL,D,25
ESENLER,NİNE HATUN,D,25
ESENLER,ORUÇREİS,D,25
ESENLER,TUNA,D,25
ESENLER,TURGUT REİS,E,12.5
ESENLER,YAVUZ SELİM,D,25
ESENYURT,AKÇABURGAZ,E,12.5
ESENYURT,AKEVLER,B,62.5
ESENYURT,AKŞEMSEDDİN,C,37.5
ESENYURT,ARDIÇLI,C+,50
ESENYURT,AŞIK VEYSEL,C+,50
ESENYURT,ATATÜRK,E,12.5
ESENYURT,BAĞLARÇEŞME,D,25
ESENYURT,BALIKYOLU,E,12.5
ESENYURT,BARBAROS HAYRETTİN PAŞA,C,37.5
ESENYURT,BATTALGAZİ,E,12.5
ESENYURT,CUMHURİYET,B,62.5
ESENYURT,ÇINAR,E,12.5
ESENYURT,ESENKENT,B,62.5
ESENYURT,FATİH,D,25
ESENYURT,GÖKEVLER,C+,50
ESENYURT,GÜZELYURT,C,37.5
ESENYURT,HÜRRİYET,E,12.5
ESENYURT,İNCİRTEPE,D,25
ESENYURT,İNÖNÜ,D,25
ESENYURT,İSTİKLAL,E,12.5
ESENYURT,KOZA,B+,75
ESENYURT,MEHMET AKİF ERSOY,C,37.5
ESENYURT,MEHTERÇEŞME,D,25
ESENYURT,MEVLANA,B,62.5
ESENYURT,NAMIK KEMAL,D,25
ESENYURT,NECİP FAZIL KISAKÜREK,E,12.5
ESENYURT,ORHAN GAZİ,D,25
ESENYURT,OSMANGAZİ,D,25
ESENYURT,ÖRNEK,D,25
ESENYURT,PINAR,E,12.5
ESENYURT,PİRİ REİS,B,62.5
ESENYURT,SAADETDERE,D,25
ESENYURT,SELAHADDİN EYYUBİ,E,12.5
ESENYURT,SULTANİYE,D,25
ESENYURT,SÜLEYMANİYE,E,12.5
ESENYURT,ŞEHİTLER,D,25
ESENYURT,TALATPAŞA,D,25
ESENYURT,TURGUT ÖZAL,C,37.5
ESENYURT,ÜÇEVLER,D,25
ESENYURT,YENİKENT,D,25
ESENYURT,YEŞİLKENT,C,37.5
ESENYURT,YUNUS EMRE,D,25
ESENYURT,ZAFER,C,37.5
EYÜP,AĞAÇLI,E,12.5
EYÜP,AKPINAR,E,12.5
EYÜP,AKŞEMSETTİN,C,37.5
EYÜP,ALİBEYKÖY,C,37.5
EYÜP,ÇIRÇIR,C,37.5
EYÜP,ÇİFTALAN,E,12.5
EYÜP,DEFTERDAR,C,37.5
EYÜP,DÜĞMECİLER,C,37.5
EYÜP,EMNiYETTEPE,C,37.5
EYÜP,ESENTEPE,C,37.5
EYÜP,GÖKTÜRK MERKEZ,A,87.5
EYÜP,GÜZELTEPE,C,37.5
EYÜP,IŞIKLAR,E,12.5
EYÜP,İHSANİYE,E,12.5
EYÜP,İSLAMBEY,C,37.5
EYÜP,KARADOLAP,C,37.5
EYÜP,MERKEZ,C+,50
EYÜP,MİMAR SİNAN,C+,50
EYÜP,MİTHATPAŞA,C+,50
EYÜP,NİŞANCI,C,37.5
EYÜP,ODAYERİ,D,25
EYÜP,PİRİNÇÇİ,E,12.5
EYÜP,RAMİ CUMA,C,37.5
EYÜP,RAMİ YENİ,C,37.5
EYÜP,SAKARYA,C,37.5
EYÜP,SİLAHTARAĞA,C,37.5
EYÜP,TOPÇULAR,C+,50
EYÜP,YEŞİLPINAR,C,37.5
FATİH,AKSARAY,C+,50
FATİH,AKŞEMSETTİN,B,62.5
FATİH,ALEMDAR,C,37.5
FATİH,ALİ KUŞÇU,C+,50
FATİH,ATİKALİ,C,37.5
FATİH,AYVANSARAY,C,37.5
FATİH,BALABANAĞA,C,37.5
FATİH,BALAT,C,37.5
FATİH,BEYAZIT,D,25
FATİH,BİNBİRDİREK,C+,50
FATİH,CANKURTARAN,C,37.5
FATİH,CERRAHPAŞA,C+,50
FATİH,CİBALİ,D,25
FATİH,DEMİRTAŞ,D,25
FATİH,DERVİŞ ALİ,C,37.5
FATİH,EMİN SİNAN,C,37.5
FATİH,HACI KADIN,D,25
FATİH,HASEKİ SULTAN,B,62.5
FATİH,HIRKA-İ ŞERİF,C,37.5
FATİH,HOBYAR,E,12.5
FATİH,HOCA GIYASETTİN,D,25
FATİH,HOCAPAŞA,D,25
FATİH,İSKENDERPAŞA,C+,50
FATİH,KALENDERHANE,C,37.5
FATİH,KARAGÜMRÜK,C+,50
FATİH,KATİP KASIM,D,25
FATİH,KEMALPAŞA,C,37.5
FATİH,KOCA MUSTAFAPAŞA,C+,50
FATİH,KÜÇÜK AYASOFYA,D,25
FATİH,MERCAN,C,37.5
FATİH,MESİHPAŞA,D,25
FATİH,MEVLANAKAPI,C,37.5
FATİH,MİMAR HAYRETTİN,D,25
FATİH,MİMAR KEMALETTİN,D,25
FATİH,MOLLA FENARİ,D,25
FATİH,MOLLA GÜRANİ,B,62.5
FATİH,MOLLA HÜSREV,C,37.5
FATİH,MUHSİNE HATUN,E,12.5
FATİH,NİŞANCA,D,25
FATİH,RÜSTEMPAŞA,C,37.5
FATİH,SARAÇ İSHAK,D,25
FATİH,SARIDEMİR,C,37.5
FATİH,SEYYİD ÖMER,C+,50
FATİH,SİLİVRİKAPI,C+,50
FATİH,SULTAN AHMET,D,25
FATİH,SURURİ,C,37.5
FATİH,SÜLEYMANİYE,C+,50
FATİH,SÜMBÜL EFENDİ,C,37.5
FATİH,ŞEHREMİNİ,B,62.5
FATİH,ŞEHSUVAR BEY,C,37.5
FATİH,TAHTAKALE,C,37.5
FATİH,TAYA HATUN,C,37.5
FATİH,TOPKAPI,B,62.5
FATİH,YAVUZ SİNAN,E,12.5
FATİH,YAVUZ SULTAN SELİM,C,37.5
FATİH,YEDİKULE,C,37.5
FATİH,ZEYREK,C,37.5
GAZİOSMANPAŞA,BAĞLARBAŞI,C,37.5
GAZİOSMANPAŞA,BARBAROS HAYRETTİN PAŞA,D,25
GAZİOSMANPAŞA,FEVZİ ÇAKMAK,C,37.5
GAZİOSMANPAŞA,HÜRRİYET,C,37.5
GAZİOSMANPAŞA,KARADENİZ,D,25
GAZİOSMANPAŞA,KARAYOLLARI,C+,50
GAZİOSMANPAŞA,KARLITEPE,C,37.5
GAZİOSMANPAŞA,KAZIM KARABEKİR,D,25
GAZİOSMANPAŞA,MERKEZ,C,37.5
GAZİOSMANPAŞA,MEVLANA,C,37.5
GAZİOSMANPAŞA,PAZARİÇİ,C,37.5
GAZİOSMANPAŞA,SARIGÖL,D,25
GAZİOSMANPAŞA,ŞEMSİPAŞA,C,37.5
GAZİOSMANPAŞA,YENİ MAHALLE,D,25
GAZİOSMANPAŞA,YENİDOĞAN,D,25
GAZİOSMANPAŞA,YILDIZTABYA,C,37.5
GÜNGÖREN,ABDURRAHMAN NAFİZ GÜRMAN,B,62.5
GÜNGÖREN,AKINCILAR,C,37.5
GÜNGÖREN,GENÇOSMAN,C,37.5
GÜNGÖREN,GÜNEŞTEPE,D,25
GÜNGÖREN,GÜVEN,C,37.5
GÜNGÖREN,HAZNEDAR,C+,50
GÜNGÖREN,MAREŞAL ÇAKMAK,C,37.5
GÜNGÖREN,MEHMET NESİH ÖZMEN,C+,50
GÜNGÖREN,MERKEZ,C,37.5
GÜNGÖREN,SANAYİ,D,25
GÜNGÖREN,TOZKOPARAN,C+,50
KADIKÖY,19 MAYIS,A,87.5
KADIKÖY,ACIBADEM,A,87.5
KADIKÖY,BOSTANCI,A,87.5
KADIKÖY,CADDEBOSTAN,A+,100
KADIKÖY,CAFERAĞA,A+,100
KADIKÖY,DUMLUPINAR,C+,50
KADIKÖY,EĞİTİM,B+,75
KADIKÖY,ERENKÖY,A,87.5
KADIKÖY,FENERBAHÇE,A+,100
KADIKÖY,FENERYOLU,A,87.5
KADIKÖY,FİKİRTEPE,C,37.5
KADIKÖY,GÖZTEPE,A,87.5
KADIKÖY,HASANPAŞA,B,62.5
KADIKÖY,KOŞUYOLU,A,87.5
KADIKÖY,KOZYATAĞI,A,87.5
KADIKÖY,MERDİVENKÖY,B+,75
KADIKÖY,OSMANAĞA,A,87.5
KADIKÖY,RASİMPAŞA,B+,75
KADIKÖY,SAHRAYICEDİT,B+,75
KADIKÖY,SUADİYE,A+,100
KADIKÖY,ZÜHTÜPAŞA,A,87.5
KAĞITHANE,ÇAĞLAYAN,C,37.5
KAĞITHANE,ÇELİKTEPE,C,37.5
KAĞITHANE,EMNİYET EVLERİ,B,62.5
KAĞITHANE,GÜLTEPE,C,37.5
KAĞITHANE,GÜRSEL,C+,50
KAĞITHANE,HAMİDİYE,C+,50
KAĞITHANE,HARMANTEPE,D,25
KAĞITHANE,HÜRRİYET,C,37.5
KAĞITHANE,MEHMET AKİF ERSOY,C,37.5
KAĞITHANE,MERKEZ,B+,75
KAĞITHANE,NURTEPE,C,37.5
KAĞITHANE,ORTABAYIR,C+,50
KAĞITHANE,SEYRANTEPE,C,37.5
KAĞITHANE,SULTAN SELİM,C,37.5
KAĞITHANE,ŞİRİNTEPE,D,25
KAĞITHANE,TALATPAŞA,C,37.5
KAĞITHANE,TELSİZLER,C,37.5
KAĞITHANE,YAHYA KEMAL,D,25
KAĞITHANE,YEŞİLCE,D,25
KARTAL,ATALAR,C+,50
KARTAL,CEVİZLİ,C,37.5
KARTAL,CUMHURİYET,C,37.5
KARTAL,ÇAVUŞOĞLU,C+,50
KARTAL,ESENTEPE,C,37.5
KARTAL,GÜMÜŞPINAR,C,37.5
KARTAL,HÜRRİYET,C,37.5
KARTAL,KARLIKTEPE,C+,50
KARTAL,KORDONBOYU,B+,75
KARTAL,ORHANTEPE,B,62.5
KARTAL,ORTA,C+,50
KARTAL,PETROL İŞ,B,62.5
KARTAL,SOĞANLIK YENİ,C+,50
KARTAL,TOPSELVİ,C,37.5
KARTAL,UĞUR MUMCU,C,37.5
KARTAL,YAKACIK ÇARŞI,C+,50
KARTAL,YAKACIK YENİ,C,37.5
KARTAL,YALI,D,25
KARTAL,YUKARI,C+,50
KARTAL,YUNUS,C,37.5
KÜÇÜKÇEKMECE,ATAKENT,B+,75
KÜÇÜKÇEKMECE,ATATÜRK,D,25
KÜÇÜKÇEKMECE,BEŞYOL,C+,50
KÜÇÜKÇEKMECE,CENNET,C+,50
KÜÇÜKÇEKMECE,CUMHURİYET,C,37.5
KÜÇÜKÇEKMECE,FATİH,C,37.5
KÜÇÜKÇEKMECE,FEVZİ ÇAKMAK,C,37.5
KÜÇÜKÇEKMECE,GÜLTEPE,C,37.5
KÜÇÜKÇEKMECE,HALKALI MERKEZ,C,37.5
KÜÇÜKÇEKMECE,İNÖNÜ,D,25
KÜÇÜKÇEKMECE,İSTASYON,C,37.5
KÜÇÜKÇEKMECE,KANARYA,D,25
KÜÇÜKÇEKMECE,KARTALTEPE,C,37.5
KÜÇÜKÇEKMECE,KEMALPAŞA,C,37.5
KÜÇÜKÇEKMECE,MEHMET AKİF,E,12.5
KÜÇÜKÇEKMECE,SÖĞÜTLÜ ÇEŞME,D,25
KÜÇÜKÇEKMECE,SULTAN MURAT,D,25
KÜÇÜKÇEKMECE,TEVFİKBEY,C,37.5
KÜÇÜKÇEKMECE,YARIMBURGAZ,D,25
KÜÇÜKÇEKMECE,YENİ MAHALLE,C,37.5
KÜÇÜKÇEKMECE,YEŞİLOVA,C,37.5
MALTEPE,ALTAYÇEŞME,B,62.5
MALTEPE,ALTINTEPE,B+,75
MALTEPE,AYDINEVLER,B,62.5
MALTEPE,BAĞLARBAŞI,B,62.5
MALTEPE,BAŞIBÜYÜK,C+,50
MALTEPE,BÜYÜKBAKKALKÖY,E,12.5
MALTEPE,CEVİZLİ,B,62.5
MALTEPE,ÇINAR,B+,75
MALTEPE,ESENKENT,C,37.5
MALTEPE,FEYZULLAH,B+,75
MALTEPE,FINDIKLI,C,37.5
MALTEPE,GİRNE,B,62.5
MALTEPE,GÜLENSU,E,12.5
MALTEPE,GÜLSUYU,D,25
MALTEPE,İDEALTEPE,B+,75
MALTEPE,KÜÇÜKYALI MERKEZ,B,62.5
MALTEPE,YALI,B+,75
MALTEPE,ZÜMRÜTEVLER,C+,50
PENDİK,AHMET YESEVİ,D,25
PENDİK,BAHÇELİEVLER,C+,50
PENDİK,BALLICA,D,25
PENDİK,BATI,B,62.5
PENDİK,ÇAMÇEŞME,D,25
PENDİK,ÇAMLIK,C+,50
PENDİK,ÇINARDERE,C,37.5
PENDİK,DOĞU,B,62.5
PENDİK,DUMLUPINAR,D,25
PENDİK,EMİRLİ,D,25
PENDİK,ERTUĞRUL GAZİ,E,12.5
PENDİK,ESENLER,D,25
PENDİK,ESENYALI,D,25
PENDİK,FATİH,D,25
PENDİK,FEVZİ ÇAKMAK,D,25
PENDİK,GÖÇBEYLİ,E,12.5
PENDİK,GÜLLÜ BAĞLAR,D,25
PENDİK,GÜZELYALI,C,37.5
PENDİK,HARMANDERE,C+,50
PENDİK,KAVAKPINAR,D,25
PENDİK,KAYNARCA,C,37.5
PENDİK,KURNA,D,25
PENDİK,KURTDOĞMUŞ,E,12.5
PENDİK,KURTKÖY,C,37.5
PENDİK,ORHANGAZİ,D,25
PENDİK,ORTA,D,25
PENDİK,RAMAZANOĞLU,E,12.5
PENDİK,SANAYİ,E,12.5
PENDİK,SAPAN BAĞLARI,C+,50
PENDİK,SÜLÜNTEPE,D,25
PENDİK,ŞEYHLİ,C,37.5
PENDİK,VELİBABA,D,25
PENDİK,YAYALAR,C,37.5
PENDİK,YENİ,C+,50
PENDİK,YENİŞEHİR,B,62.5
PENDİK,YEŞİLBAĞLAR,C,37.5
SANCAKTEPE,ABDURRAHMANGAZİ,C,37.5
SANCAKTEPE,AKPINAR,E,12.5
SANCAKTEPE,ATATÜRK,D,25
SANCAKTEPE,EMEK,C+,50
SANCAKTEPE,EYÜP SULTAN,C,37.5
SANCAKTEPE,FATİH,C,37.5
SANCAKTEPE,HİLAL,E,12.5
SANCAKTEPE,İNÖNÜ,D,25
SANCAKTEPE,KEMAL TÜRKLER,C,37.5
SANCAKTEPE,MECLİS,C,37.5
SANCAKTEPE,MERVE,E,12.5
SANCAKTEPE,MEVLANA,E,12.5
SANCAKTEPE,OSMANGAZİ,D,25
SANCAKTEPE,PAŞAKÖY,D,25
SANCAKTEPE,SAFA,D,25
SANCAKTEPE,SARIGAZİ,D,25
SANCAKTEPE,VEYSEL KARANİ,D,25
SANCAKTEPE,YENİDOĞAN,D,25
SANCAKTEPE,YUNUS EMRE,D,25
SARIYER,AYAZAĞA,C,37.5
SARIYER,BAHÇEKÖY MERKEZ,B,62.5
SARIYER,BAHÇEKÖY YENİ,B,62.5
SARIYER,BALTALİMANI,D,25
SARIYER,BÜYÜKDERE,B+,75
SARIYER,CUMHURİYET,D,25
SARIYER,ÇAMLITEPE,C,37.5
SARIYER,ÇAYIRBAŞI,C+,50
SARIYER,DARÜŞŞAFAKA,A,87.5
SARIYER,DEMİRCİKÖY,B,62.5
SARIYER,EMİRGAN,A,87.5
SARIYER,FATİH SULTAN MEHMET,D,25
SARIYER,FERAHEVLER,B,62.5
SARIYER,GARİPÇE,C,37.5
SARIYER,GÜMÜŞDERE,C,37.5
SARIYER,HUZUR,A,87.5
SARIYER,İSTİNYE,A,87.5
SARIYER,KAZIM KARABEKİR PAŞA,D,25
SARIYER,KEMER,C,37.5
SARIYER,KISIRKAYA,E,12.5
SARIYER,KİREÇBURNU,C+,50
SARIYER,KOCATAŞ,D,25
SARIYER,KUMKÖY,C+,50
SARIYER,MADEN,B,62.5
SARIYER,MASLAK,A,87.5
SARIYER,MERKEZ,B,62.5
SARIYER,PINAR,C+,50
SARIYER,POLİGON,B+,75
SARIYER,PTT EVLERİ,D,25
SARIYER,REŞİTPAŞA,B+,75
SARIYER,RUMELİ HİSARI,A,87.5
SARIYER,RUMELİ KAVAĞI,C,37.5
SARIYER,RUMELİFENERİ,B+,75
SARIYER,TARABYA,B+,75
SARIYER,USKUMRUKÖY,A,87.5
SARIYER,YENİ,B,62.5
SARIYER,YENİKÖY,A,87.5
SARIYER,ZEKERİYAKÖY,A,87.5
SİLİVRİ,AKÖREN,E,12.5
SİLİVRİ,ALİBEY,D,25
SİLİVRİ,ALİPAŞA,E,12.5
SİLİVRİ,BALABAN,E,12.5
SİLİVRİ,BEKİRLİ,E,12.5
SİLİVRİ,BEYCİLER,E,12.5
SİLİVRİ,BÜYÜK ÇAVUŞLU,E,12.5
SİLİVRİ,BÜYÜK KILIÇLI,E,12.5
SİLİVRİ,BÜYÜK SİNEKLİ,E,12.5
SİLİVRİ,CUMHURİYET,D,25
SİLİVRİ,ÇAYIRDERE,E,12.5
SİLİVRİ,ÇELTİK,E,12.5
SİLİVRİ,DANAMANDIRA,E,12.5
SİLİVRİ,FATİH,D,25
SİLİVRİ,FENER,E,12.5
SİLİVRİ,FEVZİPAŞA,E,12.5
SİLİVRİ,GAZİTEPE,E,12.5
SİLİVRİ,GÜMÜŞYAKA,D,25
SİLİVRİ,HÜRRİYET,E,12.5
SİLİVRİ,İSMETPAŞA,E,12.5
SİLİVRİ,KADIKÖY,E,12.5
SİLİVRİ,KAVAKLI,E,12.5
SİLİVRİ,KURFALLI,E,12.5
SİLİVRİ,KÜÇÜK KILIÇLI,E,12.5
SİLİVRİ,KÜÇÜK SİNEKLİ,E,12.5
SİLİVRİ,MİMAR SİNAN,C,37.5
SİLİVRİ,ORTAKÖY,E,12.5
SİLİVRİ,PİRİ MEHMET PAŞA,C,37.5
SİLİVRİ,SANCAKTEPE,D,25
SİLİVRİ,SAYALAR,E,12.5
SİLİVRİ,SELİMPAŞA,D,25
SİLİVRİ,SEMİZKUMLAR,C,37.5
SİLİVRİ,SEYMEN,E,12.5
SİLİVRİ,YENİ,C,37.5
SİLİVRİ,YOLÇATI,E,12.5
SULTANBEYLİ,ABDURRAHMANGAZİ,D,25
SULTANBEYLİ,ADİL,D,25
SULTANBEYLİ,AHMET YESEVİ,D,25
SULTANBEYLİ,AKŞEMSETTİN,E,12.5
SULTANBEYLİ,BATTALGAZİ,D,25
SULTANBEYLİ,FATİH,E,12.5
SULTANBEYLİ,HAMİDİYE,E,12.5
SULTANBEYLİ,HASANPAŞA,D,25
SULTANBEYLİ,MECİDİYE,E,12.5
SULTANBEYLİ,MEHMET AKİF,D,25
SULTANBEYLİ,MİMAR SİNAN,E,12.5
SULTANBEYLİ,NECİP FAZIL,D,25
SULTANBEYLİ,ORHANGAZİ,E,12.5
SULTANBEYLİ,TURGUT REİS,E,12.5
SULTANBEYLİ,YAVUZ SELİM,E,12.5
SULTANGAZİ,50. YIL,D,25
SULTANGAZİ,75. YIL,D,25
SULTANGAZİ,CEBECİ,D,25
SULTANGAZİ,CUMHURİYET,C,37.5
SULTANGAZİ,ESENTEPE,E,12.5
SULTANGAZİ,ESKİ HABİPLER,D,25
SULTANGAZİ,GAZİ,D,25
SULTANGAZİ,HABİBLER,E,12.5
SULTANGAZİ,İSMETPAŞA,D,25
SULTANGAZİ,MALKOÇOĞLU,D,25
SULTANGAZİ,SULTANÇİFTLİĞİ,D,25
SULTANGAZİ,UĞUR MUMCU,D,25
SULTANGAZİ,YAYLA,E,12.5
SULTANGAZİ,YUNUS EMRE,D,25
SULTANGAZİ,ZÜBEYDE HANIM,D,25
ŞİLE,AĞAÇDERE,E,12.5
ŞİLE,AĞVA MERKEZ,D,25
ŞİLE,AHMETLİ,D,25
ŞİLE,AKÇAKESE,E,12.5
ŞİLE,ALACALI,E,12.5
ŞİLE,AVCIKORU,E,12.5
ŞİLE,BALİBEY,C,37.5
ŞİLE,BIÇKIDERE,E,12.5
ŞİLE,BOZGOCA,E,12.5
ŞİLE,BUCAKLI,D,25
ŞİLE,ÇATAKLI,E,12.5
ŞİLE,ÇAVUŞ,C,37.5
ŞİLE,ÇAYIRBAŞI,E,12.5
ŞİLE,ÇELEBİ,E,12.5
ŞİLE,ÇENGİLLİ,E,12.5
ŞİLE,DARLIK,E,12.5
ŞİLE,DEĞİRMENÇAYIRI,E,12.5
ŞİLE,DOĞANCILI,E,12.5
ŞİLE,ERENLER,E,12.5
ŞİLE,ESENCELİ,E,12.5
ŞİLE,GEREDELİ,D,25
ŞİLE,GÖÇE,E,12.5
ŞİLE,GÖKMAŞLI,E,12.5
ŞİLE,GÖKSU,E,12.5
ŞİLE,HACI KASIM,C,37.5
ŞİLE,HACILLI,E,12.5
ŞİLE,HASANLI,E,12.5
ŞİLE,İMRENDERE,D,25
ŞİLE,İMRENLİ,E,12.5
ŞİLE,İSAKÖY,E,12.5
ŞİLE,KABAKOZ,E,12.5
ŞİLE,KADIKÖY,E,12.5
ŞİLE,KALEM,D,25
ŞİLE,KARABEYLİ,E,12.5
ŞİLE,KARACAKÖY,E,12.5
ŞİLE,KARAKİRAZ,E,12.5
ŞİLE,KARAMANDERE,E,12.5
ŞİLE,KERVANSARAY,E,12.5
ŞİLE,KIZILCA,E,12.5
ŞİLE,KORUCU,E,12.5
ŞİLE,KÖMÜRLÜK,E,12.5
ŞİLE,KUMBABA,C+,50
ŞİLE,KURFALLI,E,12.5
ŞİLE,KURNA,E,12.5
ŞİLE,MEŞRUTİYET,E,12.5
ŞİLE,ORUÇOĞLU,E,12.5
ŞİLE,OSMANKÖY,E,12.5
ŞİLE,OVACIK,E,12.5
ŞİLE,SAHİLKÖY,E,12.5
ŞİLE,SATMAZLI,E,12.5
ŞİLE,SOFULAR,E,12.5
ŞİLE,SOĞULLU,E,12.5
ŞİLE,SORTULLU,E,12.5
ŞİLE,ŞUAYİPLİ,E,12.5
ŞİLE,TEKE,E,12.5
ŞİLE,ULUPELİT,E,12.5
ŞİLE,ÜVEZLİ,E,12.5
ŞİLE,YAKA,E,12.5
ŞİLE,YAYLALI,E,12.5
ŞİLE,YAZIMANAYIR,E,12.5
ŞİLE,YENİKÖY,E,12.5
ŞİLE,YEŞİLVADİ,D,25
ŞİŞLİ,19 MAYIS,B+,75
ŞİŞLİ,BOZKURT,B+,75
ŞİŞLİ,CUMHURİYET,A,87.5
ŞİŞLİ,DUATEPE,B,62.5
ŞİŞLİ,ERGENEKON,B+,75
ŞİŞLİ,ESENTEPE,A,87.5
ŞİŞLİ,ESKİŞEHİR,C+,50
ŞİŞLİ,FERİKÖY,B,62.5
ŞİŞLİ,FULYA,A,87.5
ŞİŞLİ,GÜLBAHAR,B,62.5
ŞİŞLİ,HALASKARGAZİ,A,87.5
ŞİŞLİ,HALİDE EDİP ADIVAR,B,62.5
ŞİŞLİ,HALİL RIFAT PAŞA,B+,75
ŞİŞLİ,HARBİYE,A,87.5
ŞİŞLİ,İNÖNÜ,B,62.5
ŞİŞLİ,İZZET PAŞA,C+,50
ŞİŞLİ,KAPTANPAŞA,A,87.5
ŞİŞLİ,KUŞTEPE,C,37.5
ŞİŞLİ,MAHMUT ŞEVKET PAŞA,D,25
ŞİŞLİ,MECİDİYEKÖY,B+,75
ŞİŞLİ,MERKEZ,A,87.5
ŞİŞLİ,MEŞRUTİYET,B+,75
ŞİŞLİ,PAŞA,C,37.5
ŞİŞLİ,TEŞVİKİYE,A+,100
ŞİŞLİ,YAYLA,C,37.5
TUZLA,AKFIRAT,D,25
TUZLA,ANADOLU,E,12.5
TUZLA,AYDINLI,C,37.5
TUZLA,AYDINTEPE,C+,50
TUZLA,CAMİ,B,62.5
TUZLA,EVLİYA ÇELEBİ,C,37.5
TUZLA,FATİH,C+,50
TUZLA,İÇMELER,D,25
TUZLA,İSTASYON,B,62.5
TUZLA,MESCİT,D,25
TUZLA,MİMAR SİNAN,D,25
TUZLA,ORHANLI,E,12.5
TUZLA,ORTA,C,37.5
TUZLA,POSTANE,B,62.5
TUZLA,ŞİFA,D,25
TUZLA,TEPEÖREN,B+,75
TUZLA,YAYLA,C,37.5
ÜMRANİYE,ADEM YAVUZ,D,25
ÜMRANİYE,ALTINŞEHİR,C,37.5
ÜMRANİYE,ARMAĞANEVLER,C+,50
ÜMRANİYE,AŞAĞI DUDULLU,C,37.5
ÜMRANİYE,ATAKENT,C+,50
ÜMRANİYE,ATATÜRK,C+,50
ÜMRANİYE,CEMİL MERİÇ,D,25
ÜMRANİYE,ÇAKMAK,C,37.5
ÜMRANİYE,ÇAMLIK,C,37.5
ÜMRANİYE,DUMLUPINAR,E,12.5
ÜMRANİYE,ELMALIKENT,C,37.5
ÜMRANİYE,ESENEVLER,C+,50
ÜMRANİYE,ESENKENT,D,25
ÜMRANİYE,ESENŞEHİR,C,37.5
ÜMRANİYE,FATİH SULTAN MEHMET,B+,75
ÜMRANİYE,HEKİMBAŞI,E,12.5
ÜMRANİYE,HUZUR,D,25
ÜMRANİYE,IHLAMURKUYU,C,37.5
ÜMRANİYE,İNKILAP,C,37.5
ÜMRANİYE,İSTİKLAL,C,37.5
ÜMRANİYE,KAZIM KARABEKİR,E,12.5
ÜMRANİYE,MADENLER,C+,50
ÜMRANİYE,MEHMET AKİF,B,62.5
ÜMRANİYE,NAMIK KEMAL,C+,50
ÜMRANİYE,NECİP FAZIL,C+,50
ÜMRANİYE,PARSELLER,C+,50
ÜMRANİYE,SARAY,B+,75
ÜMRANİYE,SİTE,B,62.5
ÜMRANİYE,ŞERİFALİ,B+,75
ÜMRANİYE,TANTAVİ,B,62.5
ÜMRANİYE,TATLISU,B+,75
ÜMRANİYE,TEPEÜSTÜ,C,37.5
ÜMRANİYE,TOPAĞACI,E,12.5
ÜMRANİYE,YAMANEVLER,C,37.5
ÜMRANİYE,YUKARI DUDULLU,C,37.5
ÜSKÜDAR,ACIBADEM,A,87.5
ÜSKÜDAR,AHMEDİYE,B,62.5
ÜSKÜDAR,ALTUNİZADE,A,87.5
ÜSKÜDAR,AZİZ MAHMUT HÜDAYİ,B+,75
ÜSKÜDAR,BAHÇELİEVLER,B,62.5
ÜSKÜDAR,BARBAROS,A,87.5
ÜSKÜDAR,BEYLERBEYİ,A,87.5
ÜSKÜDAR,BULGURLU,B,62.5
ÜSKÜDAR,BURHANİYE,B,62.5
ÜSKÜDAR,CUMHURİYET,B,62.5
ÜSKÜDAR,ÇENGELKÖY,B,62.5
ÜSKÜDAR,FERAH,C+,50
ÜSKÜDAR,GÜZELTEPE,C+,50
ÜSKÜDAR,İCADİYE,B+,75
ÜSKÜDAR,KANDİLLİ,A,87.5
ÜSKÜDAR,KISIKLI,B,62.5
ÜSKÜDAR,KİRAZLITEPE,D,25
ÜSKÜDAR,KULELİ,C,37.5
ÜSKÜDAR,KUZGUNCUK,A,87.5
ÜSKÜDAR,KÜÇÜK ÇAMLICA,B+,75
ÜSKÜDAR,KÜÇÜKSU,C+,50
ÜSKÜDAR,KÜPLÜCE,D,25
ÜSKÜDAR,MEHMET AKİF ERSOY,C,37.5
ÜSKÜDAR,MİMAR SİNAN,B,62.5
ÜSKÜDAR,MURATREİS,B,62.5
ÜSKÜDAR,SALACAK,A,87.5
ÜSKÜDAR,SELAMİ ALİ,B,62.5
ÜSKÜDAR,SELİMİYE,B+,75
ÜSKÜDAR,SULTANTEPE,B+,75
ÜSKÜDAR,ÜNALAN,B,62.5
ÜSKÜDAR,VALİDE-İ ATİK,B,62.5
ÜSKÜDAR,YAVUZTÜRK,C,37.5
ÜSKÜDAR,ZEYNEP KAMİL,B,62.5
ZEYTİNBURNU,BEŞTELSİZ,C,37.5
ZEYTİNBURNU,ÇIRPICI,D,25
ZEYTİNBURNU,GÖKALP,C,37.5
ZEYTİNBURNU,KAZLIÇEŞME,B,62.5
ZEYTİNBURNU,MALTEPE,A,87.5
ZEYTİNBURNU,MERKEZEFENDİ,C+,50
ZEYTİNBURNU,NURİPAŞA,C,37.5
ZEYTİNBURNU,SEYİTNİZAM,C+,50
ZEYTİNBURNU,SÜMER,C,37.5
ZEYTİNBURNU,TELSİZ,C,37.5
ZEYTİNBURNU,VELİEFENDİ,C,37.5
ZEYTİNBURNU,YENİDOĞAN,C,37.5
ZEYTİNBURNU,YEŞİLTEPE,D,25
